{
    "rmse": 0.8021218550647763,
    "mae": 0.6432195775522601,
    "r2": 0.02031885286680213
}