{
    "rmse": 0.7306984286105446,
    "mae": 0.5953028393221396,
    "r2": 0.08901913119885829
}