{
    "rmse": 0.8296839043010822,
    "mae": 0.6744597018628999,
    "r2": 0.031948486319437475
}